idx,target,con
0,3,1
1,4,0.976366197
2,2,0.94266132
3,1,0.904528267
4,0,0.782682902
5,5,0.472279062
6,6,0
