,weekday,weekday_congestion
0,4,0.9999999999999999
1,1,0.8865247272164295
2,3,0.8759566777283406
3,2,0.8640760361063805
4,0,0.8278417619698305
5,5,0.32977699396207616
6,6,0.0
