,weekday,18~19_ride_weekday_mean,18~19_ride_weekday_sum
0,0,6.039468943152526,217898
1,1,6.168100163309744,226616
2,2,6.097574963132885,223281
3,3,6.137395003818043,225046
4,4,6.5056513026052105,243474
5,5,4.740734640092242,143905
6,6,4.149020807833537,94913
